﻿<?xml version="1.0" encoding="utf-8"?>
<BuildReasons>
  <Rule ID="$(AS_PROJECT_PATH)\temp\objects\config1\x20cp1584\arconfig.br">
    <BuildReason>Prerequiste "$(AS_PROJECT_PATH)\physical\config1\hardware.hw" differs.
</BuildReason>
  </Rule>
  <Rule ID="$(AS_PROJECT_PATH)\temp\objects\config1\x20cp1584\ashwac.br">
    <BuildReason>Prerequiste "$(AS_PROJECT_PATH)\physical\config1\hardware.hw" differs.
</BuildReason>
  </Rule>
  <Rule ID="$(AS_PROJECT_PATH)\temp\objects\config1\x20cp1584\iomap.br">
    <BuildReason>Prerequiste "$(AS_PROJECT_PATH)\physical\config1\hardware.hw" differs.
</BuildReason>
  </Rule>
  <Rule ID="$(AS_PROJECT_PATH)\temp\objects\config1\x20cp1584\sysconf.br">
    <BuildReason>Prerequiste "$(AS_PROJECT_PATH)\physical\config1\hardware.hw" differs.
</BuildReason>
  </Rule>
  <Rule ID="$(AS_PROJECT_PATH)\temp\objects\config1\x20cp1584\asfw.br">
    <BuildReason>Prerequiste "$(AS_PROJECT_PATH)\physical\config1\hardware.hw" differs.
</BuildReason>
  </Rule>
  <Rule ID="$(AS_PROJECT_PATH)\temp\objects\config1\x20cp1584\ashwd.br">
    <BuildReason>Prerequiste "$(AS_PROJECT_PATH)\physical\config1\hardware.hw" differs.
</BuildReason>
  </Rule>
  <Rule ID="#cpu_tp.mak">
    <BuildReason>Rule is forced.</BuildReason>
  </Rule>
</BuildReasons>