﻿<?xml version="1.0" encoding="utf-8"?>
<BuildReasons>
  <Rule ID="$(AS_PROJECT_PATH)\temp\objects\config1\x20cp1584\program\cyclic.ld.o">
    <BuildReason>Target "cyclic.ld.o" does not exist</BuildReason>
  </Rule>
  <Rule ID="$(AS_PROJECT_PATH)\temp\objects\config1\x20cp1584\program\init.ld.o">
    <BuildReason>Prerequiste "$(AS_PROJECT_PATH)\logical\program\variables.var" differs.
</BuildReason>
  </Rule>
  <Rule ID="$(AS_PROJECT_PATH)\temp\objects\config1\x20cp1584\program\exit.ld.o">
    <BuildReason>Prerequiste "$(AS_PROJECT_PATH)\logical\program\variables.var" differs.
</BuildReason>
  </Rule>
  <Rule ID="$(AS_PROJECT_PATH)\temp\objects\config1\x20cp1584\program\_bur_pvdef.st.o">
    <BuildReason>Prerequiste "$(AS_PROJECT_PATH)\temp\objects\config1\x20cp1584\program\cyclic.ld.o" differs.
</BuildReason>
  </Rule>
  <Rule ID="$(AS_PROJECT_PATH)\temp\objects\config1\x20cp1584\program\a.out">
    <BuildReason>Prerequiste "$(AS_PROJECT_PATH)\temp\objects\config1\x20cp1584\program\cyclic.ld.o" differs.
</BuildReason>
  </Rule>
  <Rule ID="$(AS_PROJECT_PATH)\temp\objects\config1\x20cp1584\program\program.ox">
    <BuildReason>Prerequiste "$(AS_PROJECT_PATH)\temp\objects\config1\x20cp1584\program\a.out" differs.
</BuildReason>
  </Rule>
  <Rule ID="$(AS_PROJECT_PATH)\temp\objects\config1\x20cp1584\program.br">
    <BuildReason>Prerequiste "$(AS_PROJECT_PATH)\temp\objects\config1\x20cp1584\program\program.ox" differs.
</BuildReason>
  </Rule>
  <Rule ID="#cpu_tp.mak">
    <BuildReason>Rule is forced.</BuildReason>
  </Rule>
  <Rule ID="$(AS_PROJECT_PATH)\binaries\config1\x20cp1584\transfer.lst">
    <BuildReason>Prerequiste "$(AS_PROJECT_PATH)\temp\objects\config1\x20cp1584\program.br" differs.
</BuildReason>
  </Rule>
</BuildReasons>