<?xml version="1.0" encoding="utf-8"?>
<TOC>
	<ITEM ID="FILE" NAME="AR000.exe" DIR="" OS="1" HASH="" HASHVALUE="09B607982348BB3C6359CDC81D6FB493" SIZE="6444624" MODIFIED="2019-08-02 01:19:11" WRITECMD="3"/>
	<ITEM ID="FILE" NAME="AR000Debug.exe" DIR="" OS="1" HASH="" HASHVALUE="676D1B855DBE00FC763595A7B343FE92" SIZE="62544" MODIFIED="2019-08-02 01:19:11" WRITECMD="3"/>
	<ITEM ID="FILE" NAME="ar000loader.exe" DIR="" OS="1" HASH="" HASHVALUE="7742E684C45DE73041B1D1F6316D0B0D" SIZE="3426384" MODIFIED="2019-08-02 01:19:11" WRITECMD="3"/>
	<ITEM ID="FILE" NAME="ar000stop.exe" DIR="" OS="1" HASH="" HASHVALUE="765668E2BF3EF1B964777915233D45E0" SIZE="16976" MODIFIED="2019-08-02 01:19:11" WRITECMD="3"/>
	<ITEM ID="FILE" NAME="arUpd.bat" DIR="" OS="1" HASH="" HASHVALUE="0503FA0EA6E89C381DB4F0A593073062" SIZE="1124" MODIFIED="2019-08-02 01:19:11" WRITECMD="3"/>
	<ITEM ID="FILE" NAME="InaFrm.dll" DIR="" OS="1" HASH="" HASHVALUE="3DEEAB31E0CF16086A7F6BFCB99C22BF" SIZE="73728" MODIFIED="2019-08-02 01:19:11" WRITECMD="3"/>
	<ITEM ID="FILE" NAME="Packet.dll" DIR="" OS="1" HASH="" HASHVALUE="8311123D9587273202671A5B8634C9F3" SIZE="90112" MODIFIED="2019-08-02 01:19:11" WRITECMD="3"/>
	<ITEM ID="FILE" NAME="PviLog.dll" DIR="" OS="1" HASH="" HASHVALUE="E5ED364ACA28CB656437ADA36FAC0F5B" SIZE="106543" MODIFIED="2019-08-02 01:19:11" WRITECMD="3"/>
	<ITEM ID="FILE" NAME="wpcap.dll" DIR="" OS="1" HASH="" HASHVALUE="A356ACA4C981AADE2173331BCDB3587A" SIZE="274432" MODIFIED="2019-08-02 01:19:11" WRITECMD="3"/>
	<ITEM ID="FILE" NAME="fscfg.xml" DIR="System/TOC" OS="1" HASH="" HASHVALUE="D170C6DA32DCE485C188D306314D91FE" SIZE="5871" MODIFIED="2019-08-02 01:19:11"/>
</TOC>