﻿<?xml version="1.0" encoding="utf-8" standalone="yes"?>
<Parameters>
  <Connection>
    <DeviceParameters>/IF=tcpip /LOPO=11159 /SA=1</DeviceParameters>
    <ConnectionParameters>/RT=1000 /DAIP=127.0.0.1 /REPO=11160 /ANSL=1 /AM=* /PT=11169</ConnectionParameters>
  </Connection>
  <AsProject>
    <ApjFullFileName>C:\Users\mauro\Desktop\unibg\Magistrale\Automazione industriale\Esercizi\Soluzioni Mauro\EseST\EseST.apj</ApjFullFileName>
    <ProjectName>EseST</ProjectName>
    <ActiveConfigurationName>Config1</ActiveConfigurationName>
    <LicenseDataFolder>C:\Users\mauro\Desktop\unibg\Magistrale\Automazione industriale\Esercizi\Soluzioni Mauro\EseST\Temp\Objects\Config1\X20CP1584</LicenseDataFolder>
  </AsProject>
  <General>
    <DeleteParameterFile>false</DeleteParameterFile>
  </General>
</Parameters>