<?xml version="1.0"?>
<?AutomationRuntimeIOSystem Version = 2.5.0.7?>
<ChannelConfiguration xmlns="http://www.br-automation.com/AR/IO">
  <Module ID="$root" Hardware="X20CP1584" HardwareModuleName="X20CP1584" ModuleID="1">
    <Channel ID="SerialNumber" Description="Serial number" Ext="/HW" Address="0" Direction="IN" Type="UDINT" Sig_St_Udint="1" ChannelType="SerialNumber" />
    <Channel ID="ModuleID" Description="Module ID" Ext="/HW" Address="1" Direction="IN" Type="UINT" Sig_St_Uint="1" ChannelType="ModuleID" />
    <Channel ID="HardwareVariant" Description="Hardware variant" FromVersion="J4.25" Ext="/HW" Address="15" Direction="IN" Type="UINT" ChannelType="HardwareVariant" />
    <Channel ID="FirmwareVersion" Description="Firmware version" FromVersion="J4.25" Ext="/HW" Address="16" Direction="IN" Type="UINT" ChannelType="FirmwareVersion" />
    <Channel ID="ModeSwitch" Description="Mode switch" Ext="/HW" Address="2" Direction="IN" Type="USINT" Sig_St_Byte="1" ChannelType="Mode" />
    <Channel ID="BatteryStatusCPU" Description="Battery status CPU (0 = battery low or missing, 1 = battery ok,)" Ext="/HW" Address="3" Direction="IN" Type="USINT" Sig_St_Byte="1" ChannelType="Battery" BatteryDetectionMethod="1" Ordinal="2" />
    <Channel ID="TemperatureCPU" Description="Temperature CPU [1/10C]" Ext="/HW" Address="4" Direction="IN" Type="UINT" Sig_Temp_CpuTemp="1" ChannelType="Temp" Ordinal="1" />
    <Channel ID="TemperatureENV" Description="Temperature cooling plate [1/10C]" Ext="/HW" Address="5" Direction="IN" Type="UINT" Sig_Temp_CpuTemp="1" ChannelType="Temp" Ordinal="2" />
    <Channel ID="SystemTime" Description="System time at the start of the current task cycle [µs]" Ext="/HW" Address="9" Direction="IN" Type="DINT" Sig_St_Dint="1" ChannelType="SystemTime" />
    <Channel ID="StatusInput01" Description="I/O power supply warning (0 = DC OK)" Ext="/HW" Address="8" Direction="IN" Type="BOOL" Sig_St_Bool="1" ChannelType="StatusInput" Ordinal="2" />
    <Channel ID="SupplyCurrent" Description="Bus current 0.1 A  X2X Link IF6" FromVersion="A4.51" Ext="/HW" Address="11" Direction="IN" Type="USINT" Sig_St_Byte="1" ChannelType="StatusInput" Ordinal="3" />
    <Channel ID="SupplyVoltage" Description="Bus voltage 0.1 V  X2X Link IF6" FromVersion="A4.51" Ext="/HW" Address="12" Direction="IN" Type="USINT" Sig_St_Byte="1" ChannelType="StatusInput" Ordinal="4" />
    <Channel ID="IF2.NodeSwitch" Description="Node switch" Ext="/HW" Address="6" Direction="IN" Type="USINT" Sig_St_Byte="1" ChannelType="Node" Device="PCI.IF2" />
    <Channel ID="IF3.LinkOk" Description="Link state" Ext="/INFO" Address="0x8000001A" BitOffset="0" Direction="IN" Type="BOOL" Sig_St_Bool="1" />
    <Channel ID="IF3.OutputDMAMargin" Description="Margin to output cycle deadline in microseconds" Ext="/INFO" Address="0x8000000C" Direction="IN" Type="DINT" Sig_St_Dint="1" />
    <Channel ID="IF3.NodeNumber" Description="Node number currently in use" FromVersion="B2.87" Ext="/INFO" Direction="IN" Type="USINT" Sig_St_Usint="1" />
    <Channel ID="IF3.CycleOk" Description="Indication for proper cyclic operation (1 = operational)" FromVersion="B2.87" Ext="/INFO" Direction="IN" Type="BOOL" Sig_St_Bool="1" />
    <Channel ID="IF3.SyncOk" Description="Indication for a synchronized POWERLINK-system (1 = synchronized)" FromVersion="B2.87" Ext="/INFO" Direction="IN" Type="BOOL" Sig_St_Bool="1" />
    <Channel ID="IF3.TimeSeconds" Description="Absolute time extracted from current SoC-Frame (NetTime in POWERLINK V2) - Seconds" FromVersion="M2.90" Ext="/INFO" Direction="IN" Type="UDINT" Sig_St_Udint="1" />
    <Channel ID="IF3.TimeNanoseconds" Description="Absolute time extracted from current SoC-Frame (NetTime in POWERLINK V2) - Nanoseconds" FromVersion="M2.90" Ext="/INFO" Direction="IN" Type="UDINT" Sig_St_Udint="1" />
    <Channel ID="IF3.NettimeSoC" Description="Network time extracted from current SoC-Frame [µs] (RelativeTime in POWERLINK V2)" FromVersion="B2.87" Ext="/INFO" Direction="IN" Type="DINT" Sig_St_Dint="1" />
    <Channel ID="IF3.NettimeOffset" Description="Network time offset to local system time [µs]" FromVersion="B2.87" Ext="/INFO" Direction="IN" Type="DINT" Sig_St_Dint="1" />
    <Channel ID="IF3.CycleCount" Description="Overall number of bus cycles" FromVersion="I2.85" Ext="/INFO" Direction="IN" Type="UDINT" Sig_St_Udint="1" />
    <Channel ID="IF3.FailedCycleCount" Description="Number of failed bus cycles" FromVersion="I2.85" Ext="/INFO" Direction="IN" Type="UDINT" Sig_St_Udint="1" />
    <Channel ID="IF3.CycleTimeViolationCount" Description="Number of cycle time violations" FromVersion="I2.85" Ext="/INFO" Direction="IN" Type="UDINT" Sig_St_Udint="1" />
    <Channel ID="IF3.CycleIdleTime" Description="Unoccupied time during one POWERLINK cycle [µs]" FromVersion="B2.87" Ext="/INFO" Direction="IN" Type="UDINT" Sig_St_Udint="1" />
    <Channel ID="IF3.CycleCongestionCount" Description="allways 0, available for legacy projects" FromVersion="B2.87" Ext="/INFO" Direction="IN" Type="UDINT" Sig_St_Udint="1" />
    <Channel ID="IF6.CycleCount" Description="Number of bus cycles" FromVersion="I2.85" Ext="/INFO" Direction="IN" Type="DINT" Sig_St_Dint="1" />
    <Channel ID="IF6.BreakCount" Description="Number of bus cycles with set break signal" FromVersion="I2.85" Ext="/INFO" Direction="IN" Type="DINT" Sig_St_Dint="1" />
    <Channel ID="IF6.Nettime" Description="Timestamp when the current input frame was started  [µs]" FromVersion="I2.90" Ext="/INFO" Direction="IN" Type="DINT" Sig_St_Dint="1" />
    <Channel ID="IF6.SyncErrorCount" Description="Number of failed synchronous frames" FromVersion="I2.85" Ext="/INFO" Direction="IN" Type="DINT" Sig_St_Dint="1" />
    <Channel ID="IF6.SyncSramErrorCount" Description="Number of memory access errors within synchronous frame (overflow/underrun)" FromVersion="I2.85" Ext="/INFO" Direction="IN" Type="DINT" Sig_St_Dint="1" />
    <Channel ID="IF6.SyncBusyErrorCount" Description="Number of not sent synchronous frames (sender not ready)" FromVersion="I2.85" Ext="/INFO" Direction="IN" Type="DINT" Sig_St_Dint="1" />
    <Channel ID="IF6.SyncNoRxErrorCount" Description="Number of not received synchronous frames (timeout)" FromVersion="I2.85" Ext="/INFO" Direction="IN" Type="DINT" Sig_St_Dint="1" />
    <Channel ID="IF6.SyncFormatErrorCount" Description="Number of faulty synchronous frames" FromVersion="I2.85" Ext="/INFO" Direction="IN" Type="DINT" Sig_St_Dint="1" />
    <Channel ID="IF6.SyncPendingErrorCount" Description="Number of synchronous frames which could not be sent because of receiving a frame" FromVersion="I2.85" Ext="/INFO" Direction="IN" Type="DINT" Sig_St_Dint="1" />
    <Channel ID="IF6.AsyncErrorCount" Description="Number of failed asynchronous frames" FromVersion="I2.85" Ext="/INFO" Direction="IN" Type="DINT" Sig_St_Dint="1" />
    <Channel ID="IF6.AsyncSramErrorCount" Description="Number of memory access errors within asynchronous frame (overflow/underrun)" FromVersion="I2.85" Ext="/INFO" Direction="IN" Type="DINT" Sig_St_Dint="1" />
    <Channel ID="IF6.AsyncBusyErrorCount" Description="Number of not sent asynchronous frames (sender not ready)" FromVersion="I2.85" Ext="/INFO" Direction="IN" Type="DINT" Sig_St_Dint="1" />
    <Channel ID="IF6.AsyncNoRxErrorCount" Description="Number of not received asynchronous frames (timeout)" FromVersion="I2.85" Ext="/INFO" Direction="IN" Type="DINT" Sig_St_Dint="1" />
    <Channel ID="IF6.AsyncFormatErrorCount" Description="Number of faulty asynchronous frames" FromVersion="I2.85" Ext="/INFO" Direction="IN" Type="DINT" Sig_St_Dint="1" />
    <Channel ID="IF6.AsyncPendingErrorCount" Description="Number of asynchronous frames which could not be sent because of receiving a frame" FromVersion="I2.85" Ext="/INFO" Direction="IN" Type="DINT" Sig_St_Dint="1" />
    <Channel ID="IF6.DMALateOutputErrorCount" Description="Number of cycles when DMA for cyclic outputs was too late" FromVersion="G2.93" Ext="/INFO" Direction="IN" Type="DINT" Sig_St_Dint="1" />
    <Channel ID="IF6.NrOfStationsMax" Description="Number of max. stations" FromVersion="A3.08" Ext="/INFO" Address="0x80000113" Direction="IN" Type="USINT" Sig_St_Usint="1" Diagnose="/DIAG" />
    <Channel ID="IF6.NrOfStationsConfigured" Description="Number of configured stations" FromVersion="A3.08" Ext="/INFO" Address="0x80000114" Direction="IN" Type="USINT" Sig_St_Usint="1" Diagnose="/DIAG" />
    <Channel ID="IF6.StationAtBusEnd" Description="Station at end of bus" FromVersion="A3.08" Ext="/INFO" Address="0x80000115" Direction="IN" Type="USINT" Sig_St_Usint="1" Diagnose="/DIAG" />
    <Channel ID="IF6.StationAtBusEndChangeTime" Description="Time of last change at station on end of bus" FromVersion="A3.08" Ext="/INFO" Address="0xC0000115" Direction="IN" Type="DATE_AND_TIME" Sig_St_Dt="1" Diagnose="/DIAG" />
    <Channel ID="IF6.StationPastOutFrameError" Description="First station which recognizes output frame error" FromVersion="A3.08" Ext="/INFO" Address="0x80000116" Direction="IN" Type="USINT" Sig_St_Usint="1" Diagnose="/DIAG" />
    <Channel ID="IF6.StationPastOutFrameErrorChangeTime" Description="Time of last change of channel StationPastOutFrameError" FromVersion="A3.08" Ext="/INFO" Address="0xC0000116" Direction="IN" Type="DATE_AND_TIME" Sig_St_Dt="1" Diagnose="/DIAG" />
    <Channel ID="IF6.StationPastInFrameError" Description="First station which recognizes input frame error" FromVersion="A3.08" Ext="/INFO" Address="0x80000117" Direction="IN" Type="USINT" Sig_St_Usint="1" Diagnose="/DIAG" />
    <Channel ID="IF6.StationPastInFrameErrorChangeTime" Description="Time of last change of channel StationPastInFrameError" FromVersion="A3.08" Ext="/INFO" Address="0xC0000117" Direction="IN" Type="DATE_AND_TIME" Sig_St_Dt="1" Diagnose="/DIAG" />
    <Channel ID="IF6.SyncInFrameSize" Description="Size of synchronous input frame [Bytes]" FromVersion="A3.08" Ext="/INFO" Address="0x80000118" Direction="IN" Type="DINT" Sig_St_Dint="1" Diagnose="/DIAG" />
    <Channel ID="IF6.SyncOutFrameSize" Description="Size of synchronous output frame [Bytes]" FromVersion="A3.08" Ext="/INFO" Address="0x80000119" Direction="IN" Type="DINT" Sig_St_Dint="1" Diagnose="/DIAG" />
    <Channel ID="IF6.AsyncFrameSize" Description="Size of asynchronous frame [Bytes]" FromVersion="A3.08" Ext="/INFO" Address="0x8000011A" Direction="IN" Type="DINT" Sig_St_Dint="1" Diagnose="/DIAG" />
    <Channel ID="IF6.AsyncFrameSpareSize" Description="Size reserve within asynchronous frame [Bytes]" FromVersion="A3.08" Ext="/INFO" Address="0x8000011B" Direction="IN" Type="DINT" Sig_St_Dint="1" Diagnose="/DIAG" />
    <Channel ID="IF6.BusLengthConfigured" Description="Configured bus length [m]" FromVersion="A3.08" Ext="/INFO" Address="0x8000011C" Direction="IN" Type="DINT" Sig_St_Dint="1" Diagnose="/DIAG" />
  </Module>
</ChannelConfiguration>