﻿<?xml version="1.0" encoding="utf-8"?>
<RuleSetOptions>
  <Rule ID="$(AS_PROJECT_PATH)\temp\objects\config1\x20cp1584\ashwac.br">
    <Prerequisite ID="$(AS_PROJECT_PATH)\physical\config1\hardware.hw" LastWriteTime="2021-11-30 16:17:42" />
    <CommandLine Parameter="&quot;$(AS_PROJECT_PATH)\Physical\Config1\Hardware.hw&quot;  -o &quot;$(AS_PROJECT_PATH)\Temp\Objects\Config1\X20CP1584\ashwac.br&quot; -L &quot;AsIecCon: V*, astime: V*, operator: V*, runtime: V*, standard: V*&quot; -c &quot;Config1&quot; -Z &quot;Connectivity: n.d, UnitSystem: n.d, TextSystem: n.d, ProgrammingSystem: n.d, AAS: n.d&quot; -M IA32 -B B4.63 -P &quot;$(AS_PROJECT_PATH)&quot; -s &quot;Config1&quot; -T SG4 " />
  </Rule>
  <Rule ID="$(AS_PROJECT_PATH)\temp\objects\config1\x20cp1584\sysconf.br">
    <Prerequisite ID="$(AS_PROJECT_PATH)\physical\config1\hardware.hw" LastWriteTime="2021-11-30 16:17:42" />
    <CommandLine Parameter="&quot;$(AS_PROJECT_PATH)\Physical\Config1\Hardware.hw&quot;  -c &quot;Config1&quot; -sysconf -S &quot;X20CP1584&quot; -Z &quot;Connectivity: n.d, UnitSystem: n.d, TextSystem: n.d, ProgrammingSystem: n.d, AAS: n.d&quot; -o &quot;$(AS_PROJECT_PATH)\Temp\Objects\Config1\X20CP1584\sysconf.br&quot; -T SG4 -B B4.63 -P &quot;$(AS_PROJECT_PATH)&quot; -s &quot;Config1&quot; " />
  </Rule>
  <Rule ID="$(AS_PROJECT_PATH)\temp\objects\config1\x20cp1584\asfw.br">
    <Prerequisite ID="$(AS_PROJECT_PATH)\physical\config1\hardware.hw" LastWriteTime="2021-11-30 16:17:42" />
    <Prerequisite ID="c:\brautomation\as46\upgrades\modified.txt" LastWriteTime="2019-06-24 12:47:14" />
    <CommandLine Parameter="&quot;$(AS_PROJECT_PATH)\Physical\Config1\Hardware.hw&quot;  -v V1.00.0 -S &quot;X20CP1584&quot; -o &quot;$(AS_PROJECT_PATH)\Temp\Objects\Config1\X20CP1584\asfw.br&quot; -T SG4 -B B4.63 -P &quot;$(AS_PROJECT_PATH)&quot; -c &quot;Config1&quot; -zip -s &quot;Config1&quot; -firmware -Z &quot;Connectivity: n.d, UnitSystem: n.d, TextSystem: n.d, ProgrammingSystem: n.d, AAS: n.d&quot; " />
  </Rule>
  <Rule ID="$(AS_PROJECT_PATH)\temp\objects\config1\x20cp1584\ashwd.br">
    <Prerequisite ID="$(AS_PROJECT_PATH)\physical\config1\hardware.hw" LastWriteTime="2021-11-30 16:17:42" />
    <Prerequisite ID="c:\brautomation\as46\upgrades\modified.txt" LastWriteTime="2019-06-24 12:47:14" />
    <CommandLine Parameter="&quot;$(AS_PROJECT_PATH)\Physical\Config1\Hardware.hw&quot;  -v V1.00.0 -S &quot;X20CP1584&quot; -o &quot;$(AS_PROJECT_PATH)\Temp\Objects\Config1\X20CP1584\ashwd.br&quot; -T SG4 -B B4.63 -P &quot;$(AS_PROJECT_PATH)&quot; -c &quot;Config1&quot; -zip -s &quot;Config1&quot; -hwd -Z &quot;Connectivity: n.d, UnitSystem: n.d, TextSystem: n.d, ProgrammingSystem: n.d, AAS: n.d&quot; " />
  </Rule>
  <Rule ID="$(AS_PROJECT_PATH)\temp\objects\config1\x20cp1584\arconfig.br">
    <Prerequisite ID="$(AS_PROJECT_PATH)\physical\config1\hardware.hw" LastWriteTime="2021-11-30 16:17:42" />
    <Prerequisite ID="$(AS_PROJECT_PATH)\physical\config1\x20cp1584\iomap.iom" LastWriteTime="2021-11-29 17:42:08" />
    <CommandLine Parameter="&quot;$(AS_PROJECT_PATH)\Physical\Config1\Hardware.hw&quot; &quot;$(AS_PROJECT_PATH)\Physical\Config1\X20CP1584\IoMap.iom&quot;  -arconfig -C &quot;/RT=1000 /AM=*&quot; -D &quot;/IF=COM1 /BD=57600 /PA=2 /IT=20 /RS=0&quot; -c &quot;Config1&quot; -v V1.00.0 -S &quot;X20CP1584&quot; -Z &quot;Connectivity: n.d, UnitSystem: n.d, TextSystem: n.d, ProgrammingSystem: n.d, AAS: n.d&quot; -o &quot;$(AS_PROJECT_PATH)\Temp\Objects\Config1\X20CP1584\arconfig.br&quot; &quot;$(AS_PROJECT_PATH)\Temp\Objects\Config1\X20CP1584\ChannelConfiguration.xml&quot; &quot;$(AS_PROJECT_PATH)\Temp\Objects\Config1\X20CP1584\HardwareConfiguration.xml&quot; &quot;$(AS_PROJECT_PATH)\Temp\Objects\Config1\X20CP1584\ReActionTechnologyConfiguration.xml&quot; -T SG4 -B B4.63 -P &quot;$(AS_PROJECT_PATH)&quot; -s &quot;Config1&quot; " />
  </Rule>
  <Rule ID="$(AS_PROJECT_PATH)\temp\objects\config1\x20cp1584\udbdef.br">
    <Prerequisite ID="c:\brautomation\as46\as\technologypackages\unitsystem\n.d\transfer\modules\sg4\udbdef.br" LastWriteTime="2019-04-26 08:10:10" />
    <CommandLine Parameter="C:\BrAutomation\AS46\AS\TechnologyPackages\UnitSystem\n.d\Transfer\Modules\SG4\udbdef.br, $(AS_PROJECT_PATH)\Temp\Objects\Config1\X20CP1584\udbdef.br" />
  </Rule>
  <Rule ID="$(AS_PROJECT_PATH)\temp\objects\config1\x20cp1584\iomap.br">
    <Prerequisite ID="$(AS_PROJECT_PATH)\physical\config1\x20cp1584\iomap.iom" LastWriteTime="2021-11-29 17:42:08" />
    <Prerequisite ID="$(AS_PROJECT_PATH)\physical\config1\x20cp1584\pvmap.vvm" LastWriteTime="2021-11-29 17:42:08" />
    <Prerequisite ID="$(AS_PROJECT_PATH)\physical\config1\hardware.hw" LastWriteTime="2021-11-30 16:17:42" />
    <Prerequisite ID="$(AS_PROJECT_PATH)\physical\config1\x20cp1584\cpu.sw" LastWriteTime="2021-11-29 19:01:18" />
    <Prerequisite ID="$(AS_PROJECT_PATH)\temp\objects\config1\x20cp1584\channelconfiguration.xml" LastWriteTime="2021-11-29 18:16:10" />
    <CommandLine Parameter="&quot;$(AS_PROJECT_PATH)\Physical\Config1\X20CP1584\IoMap.iom&quot; &quot;$(AS_PROJECT_PATH)\Physical\Config1\X20CP1584\PvMap.vvm&quot;  -m &quot;$(AS_PROJECT_PATH)\Temp\Objects\Config1\X20CP1584\ConfigInfo.cfi&quot; -g &quot;$(AS_PROJECT_PATH)\Temp\Objects\Declarations.lst&quot; -x &quot;$(AS_PROJECT_PATH)\Temp\Objects\Config1\X20CP1584\ChannelConfiguration.xml&quot; -v V1.00.0 -f &quot;$(AS_PROJECT_PATH)\Temp\Objects\Config1\X20CP1584&quot; -iomap -o &quot;$(AS_PROJECT_PATH)\Temp\Objects\Config1\X20CP1584\iomap.br&quot; -T SG4 -B B4.63 -P &quot;$(AS_PROJECT_PATH)&quot; -s &quot;Config1.X20CP1584&quot;" />
  </Rule>
  <Rule ID="$(AS_PROJECT_PATH)\temp\objects\config1\x20cp1584\tcdata\tcdata.imx">
    <Prerequisite ID="c:\brautomation\as46\as\technologypackages\textsystem\n.d\objectcatalog\elements\textconfig\template\tc.textconfig" LastWriteTime="2019-04-26 08:10:10" />
    <CommandLine Parameter=" -o &quot;$(AS_PROJECT_PATH)\Temp\Objects\Config1\X20CP1584\TCData\TCData.imx&quot; -c &quot;C:\BrAutomation\AS46\AS\TechnologyPackages\TextSystem\n.d\ObjectCatalog\Elements\TextConfig\Template\TC.textconfig&quot; -I &quot;C:\BrAutomation\AS\System\B0463&quot; &quot;C:\BrAutomation\AS46\AS\TechnologyPackages\UnitSystem\n.d&quot; -P &quot;$(AS_PROJECT_PATH)&quot;" />
  </Rule>
  <Rule ID="$(AS_PROJECT_PATH)\temp\objects\config1\x20cp1584\tcdata\tcdata.s18d">
    <Prerequisite ID="$(AS_PROJECT_PATH)\temp\objects\config1\x20cp1584\tcdata\tcdata.imx" LastWriteTime="2021-11-29 18:16:10" />
    <CommandLine Parameter="&quot;$(AS_PROJECT_PATH)\Temp\Objects\Config1\X20CP1584\TCData\TCData.imx&quot; -o &quot;$(AS_PROJECT_PATH)\Temp\Objects\Config1\X20CP1584\TCData\TCData.s18d&quot;" />
  </Rule>
  <Rule ID="$(AS_PROJECT_PATH)\temp\objects\config1\x20cp1584\tcdata.br">
    <Prerequisite ID="$(AS_PROJECT_PATH)\temp\objects\config1\x20cp1584\tcdata\tcdata.s18d" LastWriteTime="2021-11-29 18:16:12" />
    <CommandLine Parameter="&quot;$(AS_PROJECT_PATH)\Temp\Objects\Config1\X20CP1584\TCData\TCData.s18d&quot;  -o &quot;$(AS_PROJECT_PATH)\Temp\Objects\Config1\X20CP1584\TCData.br&quot; -t TextModule" />
  </Rule>
  <Rule ID="$(AS_PROJECT_PATH)\temp\objects\config1\x20cp1584\role.br">
    <Prerequisite ID="$(AS_PROJECT_PATH)\physical\config1\x20cp1584\accessandsecurity\userrolesystem\role.role" LastWriteTime="2021-11-29 17:42:08" />
    <CommandLine Parameter="&quot;$(AS_PROJECT_PATH)\Physical\Config1\X20CP1584\AccessAndSecurity\UserRoleSystem\Role.role&quot;  -o &quot;$(AS_PROJECT_PATH)\Temp\Objects\Config1\X20CP1584\Role.br&quot; -zip -B B4.63 -z n.d -P &quot;$(AS_PROJECT_PATH)&quot; -c &quot;Config1&quot; " />
  </Rule>
  <Rule ID="$(AS_PROJECT_PATH)\temp\objects\config1\x20cp1584\user.br">
    <Prerequisite ID="$(AS_PROJECT_PATH)\physical\config1\x20cp1584\accessandsecurity\userrolesystem\user.user" LastWriteTime="2021-11-29 17:42:08" />
    <CommandLine Parameter="&quot;$(AS_PROJECT_PATH)\Physical\Config1\X20CP1584\AccessAndSecurity\UserRoleSystem\User.user&quot;  -o &quot;$(AS_PROJECT_PATH)\Temp\Objects\Config1\X20CP1584\User.br&quot; -zip -B B4.63 -z n.d -P &quot;$(AS_PROJECT_PATH)&quot; -c &quot;Config1&quot; " />
  </Rule>
  <Rule ID="$(AS_PROJECT_PATH)\temp\objects\config1\x20cp1584\fwrules.br">
    <Prerequisite ID="$(AS_PROJECT_PATH)\physical\config1\x20cp1584\accessandsecurity\firewall\rules.firewallrules" LastWriteTime="2021-11-29 17:42:08" />
    <CommandLine Parameter="&quot;$(AS_PROJECT_PATH)\Physical\Config1\X20CP1584\AccessAndSecurity\Firewall\Rules.firewallRules&quot;  -o &quot;$(AS_PROJECT_PATH)\Temp\Objects\Config1\X20CP1584\FWRules.br&quot; -zip -B B4.63 -z n.d -P &quot;$(AS_PROJECT_PATH)&quot; -c &quot;Config1&quot; " />
  </Rule>
  <Rule ID="$(AS_PROJECT_PATH)\temp\objects\config1\x20cp1584\program.br">
    <Prerequisite ID="$(AS_PROJECT_PATH)\temp\objects\config1\x20cp1584\program\program.ox" LastWriteTime="2021-11-30 17:05:04" />
    <Prerequisite ID="$(AS_PROJECT_PATH)\physical\config1\x20cp1584\cpu.per" LastWriteTime="2021-11-29 17:42:08" />
    <Prerequisite ID="$(AS_PROJECT_PATH)\logical\libraries\standard\standard.fun" LastWriteTime="2021-11-29 19:01:18" />
    <Prerequisite ID="$(AS_PROJECT_PATH)\logical\libraries\program\variables.var" LastWriteTime="2021-11-29 21:33:50" />
    <Prerequisite ID="$(AS_PROJECT_PATH)\logical\libraries\program\localfunctions.fun" LastWriteTime="2021-11-29 21:41:28" />
    <CommandLine Parameter="&quot;$(AS_PROJECT_PATH)\Temp\Objects\Config1\X20CP1584\Program\Program.ox&quot;  -o &quot;$(AS_PROJECT_PATH)\Temp\Objects\Config1\X20CP1584\Program.br&quot; -v V1.00.0 -f &quot;$(AS_PROJECT_PATH)\Temp\Objects\Config1\X20CP1584\NT.ofs&quot; -offsetLT &quot;$(AS_PROJECT_PATH)\Binaries\Config1\X20CP1584\LT.ofs&quot; -T SG4 -M IA32 -B B4.63 -G V4.1.2  -extConstants -d &quot;runtime: V* - V*,asieccon: V* - V*&quot; -r Cyclic4 -p 2 -s &quot;Libraries.Program&quot; -L &quot;AsIecCon: V*, astime: V*, operator: V*, runtime: V*, standard: V*&quot; -P &quot;$(AS_PROJECT_PATH)&quot; " />
    <AdditionalBuildTrigger Key="VolatileMemory" Value="65535" />
    <AdditionalBuildTrigger Key="PermanentAnalogMemory" Value="0" />
    <AdditionalBuildTrigger Key="PermanentDigitalMemory" Value="0" />
    <AdditionalBuildTrigger Key="RemanentMemory" Value="4096" />
  </Rule>
  <Rule ID="$(AS_PROJECT_PATH)\temp\objects\config1\x20cp1584\program\program.ox">
    <Prerequisite ID="$(AS_PROJECT_PATH)\temp\objects\config1\x20cp1584\program\a.out" LastWriteTime="2021-11-30 17:05:04" />
    <Prerequisite ID="$(AS_PROJECT_PATH)\logical\libraries\standard\standard.fun" LastWriteTime="2021-11-29 19:01:18" />
    <Prerequisite ID="$(AS_PROJECT_PATH)\logical\libraries\program\variables.var" LastWriteTime="2021-11-29 21:33:50" />
    <Prerequisite ID="$(AS_PROJECT_PATH)\logical\libraries\program\localfunctions.fun" LastWriteTime="2021-11-29 21:41:28" />
    <CommandLine Parameter="&quot;$(AS_PROJECT_PATH)\Temp\Objects\Config1\X20CP1584\Program\a.out&quot;  -o &quot;$(AS_PROJECT_PATH)\Temp\Objects\Config1\X20CP1584\Program\Program.ox&quot; -T SG4 -r Cyclic4 -G V4.1.2  -B B4.63 " />
  </Rule>
  <Rule ID="$(AS_PROJECT_PATH)\temp\objects\config1\x20cp1584\program\a.out">
    <Prerequisite ID="$(AS_PROJECT_PATH)\temp\objects\config1\x20cp1584\program\cyclic.st.o" LastWriteTime="2021-11-30 17:05:04" />
    <Prerequisite ID="$(AS_PROJECT_PATH)\temp\objects\config1\x20cp1584\program\init.st.o" LastWriteTime="2021-11-30 16:18:02" />
    <Prerequisite ID="$(AS_PROJECT_PATH)\temp\objects\config1\x20cp1584\program\exit.st.o" LastWriteTime="2021-11-30 16:18:02" />
    <Prerequisite ID="$(AS_PROJECT_PATH)\temp\objects\config1\x20cp1584\program\movimento.st.o" LastWriteTime="2021-11-30 17:03:18" />
    <Prerequisite ID="$(AS_PROJECT_PATH)\temp\objects\config1\x20cp1584\program\_bur_pvdef.st.o" LastWriteTime="2021-11-30 17:05:04" />
    <Prerequisite ID="$(AS_PROJECT_PATH)\logical\libraries\standard\standard.fun" LastWriteTime="2021-11-29 19:01:18" />
    <Prerequisite ID="$(AS_PROJECT_PATH)\logical\libraries\program\variables.var" LastWriteTime="2021-11-29 21:33:50" />
    <Prerequisite ID="$(AS_PROJECT_PATH)\logical\libraries\program\localfunctions.fun" LastWriteTime="2021-11-29 21:41:28" />
    <CommandLine Parameter=" -link &quot;$(AS_PROJECT_PATH)\Temp\Objects\Config1\X20CP1584\Program\Cyclic.st.o&quot; &quot;$(AS_PROJECT_PATH)\Temp\Objects\Config1\X20CP1584\Program\Init.st.o&quot; &quot;$(AS_PROJECT_PATH)\Temp\Objects\Config1\X20CP1584\Program\Exit.st.o&quot; &quot;$(AS_PROJECT_PATH)\Temp\Objects\Config1\X20CP1584\Program\Movimento.st.o&quot; &quot;$(AS_PROJECT_PATH)\Temp\Objects\Config1\X20CP1584\Program\_bur_pvdef.st.o&quot;  -o &quot;$(AS_PROJECT_PATH)\Temp\Objects\Config1\X20CP1584\Program\a.out&quot; -G V4.1.2  -T SG4 -M IA32 &quot;-Wl,C:\BrAutomation\AS\System\B0463\SG4\Ia32\libAsIecCon.a&quot; &quot;-Wl,C:\BrAutomation\AS\System\B0463\SG4\Ia32\libastime.a&quot; &quot;-Wl,C:\BrAutomation\AS\System\B0463\SG4\Ia32\libstandard.a&quot; &quot;-Wl,C:\BrAutomation\AS\System\B0463\SG4\Ia32\libruntime.a&quot; &quot;-Wl,C:\BrAutomation\AS\System\B0463\SG4\Ia32\liboperator.a&quot; -specs=I386specs_brelf -nostdlib" />
  </Rule>
  <Rule ID="$(AS_PROJECT_PATH)\temp\objects\config1\x20cp1584\program\cyclic.st.o">
    <Prerequisite ID="$(AS_PROJECT_PATH)\logical\libraries\program\cyclic.st" LastWriteTime="2021-11-30 17:04:58" />
    <Prerequisite ID="$(AS_PROJECT_PATH)\logical\libraries\standard\standard.fun" LastWriteTime="2021-11-29 19:01:18" />
    <Prerequisite ID="$(AS_PROJECT_PATH)\logical\libraries\program\variables.var" LastWriteTime="2021-11-29 21:33:50" />
    <Prerequisite ID="$(AS_PROJECT_PATH)\logical\libraries\program\localfunctions.fun" LastWriteTime="2021-11-29 21:41:28" />
    <CommandLine Parameter="&quot;$(AS_PROJECT_PATH)\Logical\Libraries\Program\Cyclic.st&quot;  -o &quot;$(AS_PROJECT_PATH)\Temp\Objects\Config1\X20CP1584\Program\Cyclic.st.o&quot; -T SG4 -M IA32 -B B4.63 -G V4.1.2  -s &quot;Libraries.Program&quot; -t &quot;$(AS_PROJECT_PATH)\Temp&quot; -pointers -extComments -extBitAccess -extConstants -D _SG4 -l &quot;$(AS_PROJECT_PATH)\Logical\Libraries\Program\Types.typ&quot; &quot;$(AS_PROJECT_PATH)\Logical\Libraries\Program\Variables.var&quot; &quot;$(AS_PROJECT_PATH)\Logical\Libraries\Program\LocalFunctions.fun&quot; -g &quot;$(AS_PROJECT_PATH)\Logical\Global.typ&quot; &quot;$(AS_PROJECT_PATH)\Logical\Libraries\operator\operator.typ&quot; &quot;$(AS_PROJECT_PATH)\Logical\Libraries\runtime\runtime.typ&quot; &quot;$(AS_PROJECT_PATH)\Logical\Libraries\astime\astime.typ&quot; &quot;$(AS_PROJECT_PATH)\Logical\Libraries\AsIecCon\AsIecCon.typ&quot; &quot;$(AS_PROJECT_PATH)\Logical\Libraries\standard\standard.typ&quot; &quot;$(AS_PROJECT_PATH)\Logical\Libraries\operator\operator.fun&quot; &quot;$(AS_PROJECT_PATH)\Logical\Libraries\runtime\runtime.fun&quot; &quot;$(AS_PROJECT_PATH)\Logical\Libraries\astime\astime.fun&quot; &quot;$(AS_PROJECT_PATH)\Logical\Libraries\AsIecCon\AsIecCon.fun&quot; &quot;$(AS_PROJECT_PATH)\Logical\Libraries\standard\standard.fun&quot; &quot;$(AS_PROJECT_PATH)\Logical\Global.var&quot; &quot;$(AS_PROJECT_PATH)\Logical\Libraries\operator\operator.var&quot; &quot;$(AS_PROJECT_PATH)\Logical\Libraries\runtime\runtime.var&quot; &quot;$(AS_PROJECT_PATH)\Logical\Libraries\astime\astime.var&quot; &quot;$(AS_PROJECT_PATH)\Logical\Libraries\AsIecCon\AsIecCon.var&quot; &quot;$(AS_PROJECT_PATH)\Logical\Libraries\standard\standard.var&quot; -P &quot;$(AS_PROJECT_PATH)&quot; " />
    <AdditionalBuildTrigger Key="IecDeclarationsInAnsiC" Value="False" />
  </Rule>
  <Rule ID="$(AS_PROJECT_PATH)\temp\objects\config1\x20cp1584\program\init.st.o">
    <Prerequisite ID="$(AS_PROJECT_PATH)\logical\libraries\program\init.st" LastWriteTime="2021-11-29 21:20:08" />
    <Prerequisite ID="$(AS_PROJECT_PATH)\logical\libraries\standard\standard.fun" LastWriteTime="2021-11-29 19:01:18" />
    <Prerequisite ID="$(AS_PROJECT_PATH)\logical\libraries\program\variables.var" LastWriteTime="2021-11-29 21:33:50" />
    <Prerequisite ID="$(AS_PROJECT_PATH)\logical\libraries\program\localfunctions.fun" LastWriteTime="2021-11-29 21:41:28" />
    <CommandLine Parameter="&quot;$(AS_PROJECT_PATH)\Logical\Libraries\Program\Init.st&quot;  -o &quot;$(AS_PROJECT_PATH)\Temp\Objects\Config1\X20CP1584\Program\Init.st.o&quot; -T SG4 -M IA32 -B B4.63 -G V4.1.2  -s &quot;Libraries.Program&quot; -t &quot;$(AS_PROJECT_PATH)\Temp&quot; -pointers -extComments -extBitAccess -extConstants -D _SG4 -l &quot;$(AS_PROJECT_PATH)\Logical\Libraries\Program\Types.typ&quot; &quot;$(AS_PROJECT_PATH)\Logical\Libraries\Program\Variables.var&quot; &quot;$(AS_PROJECT_PATH)\Logical\Libraries\Program\LocalFunctions.fun&quot; -g &quot;$(AS_PROJECT_PATH)\Logical\Global.typ&quot; &quot;$(AS_PROJECT_PATH)\Logical\Libraries\operator\operator.typ&quot; &quot;$(AS_PROJECT_PATH)\Logical\Libraries\runtime\runtime.typ&quot; &quot;$(AS_PROJECT_PATH)\Logical\Libraries\astime\astime.typ&quot; &quot;$(AS_PROJECT_PATH)\Logical\Libraries\AsIecCon\AsIecCon.typ&quot; &quot;$(AS_PROJECT_PATH)\Logical\Libraries\standard\standard.typ&quot; &quot;$(AS_PROJECT_PATH)\Logical\Libraries\operator\operator.fun&quot; &quot;$(AS_PROJECT_PATH)\Logical\Libraries\runtime\runtime.fun&quot; &quot;$(AS_PROJECT_PATH)\Logical\Libraries\astime\astime.fun&quot; &quot;$(AS_PROJECT_PATH)\Logical\Libraries\AsIecCon\AsIecCon.fun&quot; &quot;$(AS_PROJECT_PATH)\Logical\Libraries\standard\standard.fun&quot; &quot;$(AS_PROJECT_PATH)\Logical\Global.var&quot; &quot;$(AS_PROJECT_PATH)\Logical\Libraries\operator\operator.var&quot; &quot;$(AS_PROJECT_PATH)\Logical\Libraries\runtime\runtime.var&quot; &quot;$(AS_PROJECT_PATH)\Logical\Libraries\astime\astime.var&quot; &quot;$(AS_PROJECT_PATH)\Logical\Libraries\AsIecCon\AsIecCon.var&quot; &quot;$(AS_PROJECT_PATH)\Logical\Libraries\standard\standard.var&quot; -P &quot;$(AS_PROJECT_PATH)&quot; " />
    <AdditionalBuildTrigger Key="IecDeclarationsInAnsiC" Value="False" />
  </Rule>
  <Rule ID="$(AS_PROJECT_PATH)\temp\objects\config1\x20cp1584\program\exit.st.o">
    <Prerequisite ID="$(AS_PROJECT_PATH)\logical\libraries\program\exit.st" LastWriteTime="2021-11-29 17:43:22" />
    <Prerequisite ID="$(AS_PROJECT_PATH)\logical\libraries\standard\standard.fun" LastWriteTime="2021-11-29 19:01:18" />
    <Prerequisite ID="$(AS_PROJECT_PATH)\logical\libraries\program\variables.var" LastWriteTime="2021-11-29 21:33:50" />
    <Prerequisite ID="$(AS_PROJECT_PATH)\logical\libraries\program\localfunctions.fun" LastWriteTime="2021-11-29 21:41:28" />
    <CommandLine Parameter="&quot;$(AS_PROJECT_PATH)\Logical\Libraries\Program\Exit.st&quot;  -o &quot;$(AS_PROJECT_PATH)\Temp\Objects\Config1\X20CP1584\Program\Exit.st.o&quot; -T SG4 -M IA32 -B B4.63 -G V4.1.2  -s &quot;Libraries.Program&quot; -t &quot;$(AS_PROJECT_PATH)\Temp&quot; -pointers -extComments -extBitAccess -extConstants -D _SG4 -l &quot;$(AS_PROJECT_PATH)\Logical\Libraries\Program\Types.typ&quot; &quot;$(AS_PROJECT_PATH)\Logical\Libraries\Program\Variables.var&quot; &quot;$(AS_PROJECT_PATH)\Logical\Libraries\Program\LocalFunctions.fun&quot; -g &quot;$(AS_PROJECT_PATH)\Logical\Global.typ&quot; &quot;$(AS_PROJECT_PATH)\Logical\Libraries\operator\operator.typ&quot; &quot;$(AS_PROJECT_PATH)\Logical\Libraries\runtime\runtime.typ&quot; &quot;$(AS_PROJECT_PATH)\Logical\Libraries\astime\astime.typ&quot; &quot;$(AS_PROJECT_PATH)\Logical\Libraries\AsIecCon\AsIecCon.typ&quot; &quot;$(AS_PROJECT_PATH)\Logical\Libraries\standard\standard.typ&quot; &quot;$(AS_PROJECT_PATH)\Logical\Libraries\operator\operator.fun&quot; &quot;$(AS_PROJECT_PATH)\Logical\Libraries\runtime\runtime.fun&quot; &quot;$(AS_PROJECT_PATH)\Logical\Libraries\astime\astime.fun&quot; &quot;$(AS_PROJECT_PATH)\Logical\Libraries\AsIecCon\AsIecCon.fun&quot; &quot;$(AS_PROJECT_PATH)\Logical\Libraries\standard\standard.fun&quot; &quot;$(AS_PROJECT_PATH)\Logical\Global.var&quot; &quot;$(AS_PROJECT_PATH)\Logical\Libraries\operator\operator.var&quot; &quot;$(AS_PROJECT_PATH)\Logical\Libraries\runtime\runtime.var&quot; &quot;$(AS_PROJECT_PATH)\Logical\Libraries\astime\astime.var&quot; &quot;$(AS_PROJECT_PATH)\Logical\Libraries\AsIecCon\AsIecCon.var&quot; &quot;$(AS_PROJECT_PATH)\Logical\Libraries\standard\standard.var&quot; -P &quot;$(AS_PROJECT_PATH)&quot; " />
    <AdditionalBuildTrigger Key="IecDeclarationsInAnsiC" Value="False" />
  </Rule>
  <Rule ID="$(AS_PROJECT_PATH)\temp\objects\config1\x20cp1584\program\movimento.st.o">
    <Prerequisite ID="$(AS_PROJECT_PATH)\logical\libraries\program\movimento.st" LastWriteTime="2021-11-30 17:03:06" />
    <Prerequisite ID="$(AS_PROJECT_PATH)\logical\libraries\standard\standard.fun" LastWriteTime="2021-11-29 19:01:18" />
    <Prerequisite ID="$(AS_PROJECT_PATH)\logical\libraries\program\variables.var" LastWriteTime="2021-11-29 21:33:50" />
    <Prerequisite ID="$(AS_PROJECT_PATH)\logical\libraries\program\localfunctions.fun" LastWriteTime="2021-11-29 21:41:28" />
    <CommandLine Parameter="&quot;$(AS_PROJECT_PATH)\Logical\Libraries\Program\Movimento.st&quot;  -o &quot;$(AS_PROJECT_PATH)\Temp\Objects\Config1\X20CP1584\Program\Movimento.st.o&quot; -T SG4 -M IA32 -B B4.63 -G V4.1.2  -s &quot;Libraries.Program&quot; -t &quot;$(AS_PROJECT_PATH)\Temp&quot; -pointers -extComments -extBitAccess -extConstants -D _SG4 -l &quot;$(AS_PROJECT_PATH)\Logical\Libraries\Program\Types.typ&quot; &quot;$(AS_PROJECT_PATH)\Logical\Libraries\Program\Variables.var&quot; &quot;$(AS_PROJECT_PATH)\Logical\Libraries\Program\LocalFunctions.fun&quot; -g &quot;$(AS_PROJECT_PATH)\Logical\Global.typ&quot; &quot;$(AS_PROJECT_PATH)\Logical\Libraries\operator\operator.typ&quot; &quot;$(AS_PROJECT_PATH)\Logical\Libraries\runtime\runtime.typ&quot; &quot;$(AS_PROJECT_PATH)\Logical\Libraries\astime\astime.typ&quot; &quot;$(AS_PROJECT_PATH)\Logical\Libraries\AsIecCon\AsIecCon.typ&quot; &quot;$(AS_PROJECT_PATH)\Logical\Libraries\standard\standard.typ&quot; &quot;$(AS_PROJECT_PATH)\Logical\Libraries\operator\operator.fun&quot; &quot;$(AS_PROJECT_PATH)\Logical\Libraries\runtime\runtime.fun&quot; &quot;$(AS_PROJECT_PATH)\Logical\Libraries\astime\astime.fun&quot; &quot;$(AS_PROJECT_PATH)\Logical\Libraries\AsIecCon\AsIecCon.fun&quot; &quot;$(AS_PROJECT_PATH)\Logical\Libraries\standard\standard.fun&quot; &quot;$(AS_PROJECT_PATH)\Logical\Global.var&quot; &quot;$(AS_PROJECT_PATH)\Logical\Libraries\operator\operator.var&quot; &quot;$(AS_PROJECT_PATH)\Logical\Libraries\runtime\runtime.var&quot; &quot;$(AS_PROJECT_PATH)\Logical\Libraries\astime\astime.var&quot; &quot;$(AS_PROJECT_PATH)\Logical\Libraries\AsIecCon\AsIecCon.var&quot; &quot;$(AS_PROJECT_PATH)\Logical\Libraries\standard\standard.var&quot; -P &quot;$(AS_PROJECT_PATH)&quot; " />
    <AdditionalBuildTrigger Key="IecDeclarationsInAnsiC" Value="False" />
  </Rule>
  <Rule ID="$(AS_PROJECT_PATH)\temp\objects\config1\x20cp1584\program\_bur_pvdef.st.o">
    <Prerequisite ID="c:\brautomation\as46\as\gnuinst\v4.1.2\i386-elf\include\bur\_bur_pvdef.st" LastWriteTime="2019-04-26 08:10:10" />
    <Prerequisite ID="$(AS_PROJECT_PATH)\temp\objects\config1\x20cp1584\program\cyclic.st.o" LastWriteTime="2021-11-30 17:05:04" />
    <Prerequisite ID="$(AS_PROJECT_PATH)\temp\objects\config1\x20cp1584\program\init.st.o" LastWriteTime="2021-11-30 16:18:02" />
    <Prerequisite ID="$(AS_PROJECT_PATH)\temp\objects\config1\x20cp1584\program\exit.st.o" LastWriteTime="2021-11-30 16:18:02" />
    <Prerequisite ID="$(AS_PROJECT_PATH)\temp\objects\config1\x20cp1584\program\movimento.st.o" LastWriteTime="2021-11-30 17:03:18" />
    <Prerequisite ID="$(AS_PROJECT_PATH)\logical\libraries\standard\standard.fun" LastWriteTime="2021-11-29 19:01:18" />
    <Prerequisite ID="$(AS_PROJECT_PATH)\logical\libraries\program\variables.var" LastWriteTime="2021-11-29 21:33:50" />
    <Prerequisite ID="$(AS_PROJECT_PATH)\logical\libraries\program\localfunctions.fun" LastWriteTime="2021-11-29 21:41:28" />
    <CommandLine Parameter="&quot;C:\BrAutomation\AS46\AS\GnuInst\V4.1.2\i386-elf\include\bur\_bur_pvdef.st&quot;  -o &quot;$(AS_PROJECT_PATH)\Temp\Objects\Config1\X20CP1584\Program\_bur_pvdef.st.o&quot; -S &quot;Cyclic.st&quot; &quot;Init.st&quot; &quot;Exit.st&quot; &quot;Movimento.st&quot;  -T SG4 -M IA32 -B B4.63 -G V4.1.2  -s &quot;Libraries.Program&quot; -t &quot;$(AS_PROJECT_PATH)\Temp&quot; -pointers -extComments -extBitAccess -extConstants -D _SG4 -l &quot;$(AS_PROJECT_PATH)\Logical\Libraries\Program\Types.typ&quot; &quot;$(AS_PROJECT_PATH)\Logical\Libraries\Program\Variables.var&quot; &quot;$(AS_PROJECT_PATH)\Logical\Libraries\Program\LocalFunctions.fun&quot; -g &quot;$(AS_PROJECT_PATH)\Logical\Global.typ&quot; &quot;$(AS_PROJECT_PATH)\Logical\Libraries\operator\operator.typ&quot; &quot;$(AS_PROJECT_PATH)\Logical\Libraries\runtime\runtime.typ&quot; &quot;$(AS_PROJECT_PATH)\Logical\Libraries\astime\astime.typ&quot; &quot;$(AS_PROJECT_PATH)\Logical\Libraries\AsIecCon\AsIecCon.typ&quot; &quot;$(AS_PROJECT_PATH)\Logical\Libraries\standard\standard.typ&quot; &quot;$(AS_PROJECT_PATH)\Logical\Libraries\operator\operator.fun&quot; &quot;$(AS_PROJECT_PATH)\Logical\Libraries\runtime\runtime.fun&quot; &quot;$(AS_PROJECT_PATH)\Logical\Libraries\astime\astime.fun&quot; &quot;$(AS_PROJECT_PATH)\Logical\Libraries\AsIecCon\AsIecCon.fun&quot; &quot;$(AS_PROJECT_PATH)\Logical\Libraries\standard\standard.fun&quot; &quot;$(AS_PROJECT_PATH)\Logical\Global.var&quot; &quot;$(AS_PROJECT_PATH)\Logical\Libraries\operator\operator.var&quot; &quot;$(AS_PROJECT_PATH)\Logical\Libraries\runtime\runtime.var&quot; &quot;$(AS_PROJECT_PATH)\Logical\Libraries\astime\astime.var&quot; &quot;$(AS_PROJECT_PATH)\Logical\Libraries\AsIecCon\AsIecCon.var&quot; &quot;$(AS_PROJECT_PATH)\Logical\Libraries\standard\standard.var&quot; -P &quot;$(AS_PROJECT_PATH)&quot; " />
    <AdditionalBuildTrigger Key="IecDeclarationsInAnsiC" Value="False" />
  </Rule>
  <Rule ID="$(AS_PROJECT_PATH)\temp\objects\config1\x20cp1584\standard.br">
    <Prerequisite ID="c:\brautomation\as\system\b0463\sg4\ia32\standard.br" LastWriteTime="2019-08-02 01:24:16" />
    <CommandLine Parameter="C:\BrAutomation\AS\System\B0463\SG4\Ia32\standard.br, $(AS_PROJECT_PATH)\Temp\Objects\Config1\X20CP1584\standard.br" />
  </Rule>
  <Rule ID="#cpu_tp.mak">
    <CommandLine Parameter=" -r -f &quot;$(AS_PROJECT_PATH)\Temp\Objects\Config1\X20CP1584\#cpu_tp.mak&quot; -k" />
  </Rule>
  <Rule ID="$(AS_PROJECT_PATH)\binaries\config1\x20cp1584\transfer.lst">
    <Prerequisite ID="$(AS_PROJECT_PATH)\temp\objects\config1\x20cp1584\ashwac.br" LastWriteTime="2021-11-29 18:16:10" />
    <Prerequisite ID="$(AS_PROJECT_PATH)\temp\objects\config1\x20cp1584\sysconf.br" LastWriteTime="2021-11-29 18:16:12" />
    <Prerequisite ID="$(AS_PROJECT_PATH)\temp\objects\config1\x20cp1584\asfw.br" LastWriteTime="2021-11-29 18:16:12" />
    <Prerequisite ID="$(AS_PROJECT_PATH)\temp\objects\config1\x20cp1584\ashwd.br" LastWriteTime="2021-11-29 18:16:12" />
    <Prerequisite ID="$(AS_PROJECT_PATH)\temp\objects\config1\x20cp1584\arconfig.br" LastWriteTime="2021-11-29 18:16:12" />
    <Prerequisite ID="$(AS_PROJECT_PATH)\temp\objects\config1\x20cp1584\udbdef.br" LastWriteTime="2019-04-26 08:10:10" />
    <Prerequisite ID="$(AS_PROJECT_PATH)\temp\objects\config1\x20cp1584\iomap.br" LastWriteTime="2021-11-29 18:16:12" />
    <Prerequisite ID="$(AS_PROJECT_PATH)\temp\objects\config1\x20cp1584\tcdata.br" LastWriteTime="2021-11-29 18:16:12" />
    <Prerequisite ID="$(AS_PROJECT_PATH)\temp\objects\config1\x20cp1584\role.br" LastWriteTime="2021-11-29 18:16:10" />
    <Prerequisite ID="$(AS_PROJECT_PATH)\temp\objects\config1\x20cp1584\user.br" LastWriteTime="2021-11-29 18:16:10" />
    <Prerequisite ID="$(AS_PROJECT_PATH)\temp\objects\config1\x20cp1584\fwrules.br" LastWriteTime="2021-11-29 18:16:10" />
    <Prerequisite ID="$(AS_PROJECT_PATH)\temp\objects\config1\x20cp1584\program.br" LastWriteTime="2021-11-30 17:05:04" />
    <Prerequisite ID="$(AS_PROJECT_PATH)\temp\objects\config1\x20cp1584\standard.br" LastWriteTime="2019-08-02 01:24:16" />
    <Prerequisite ID="$(AS_PROJECT_PATH)\physical\config1\x20cp1584\cpu.sw" LastWriteTime="2021-11-29 19:01:18" />
    <CommandLine Parameter=" &quot;$(AS_PROJECT_PATH)\EseST.apj&quot; -t &quot;$(AS_PROJECT_PATH)\Temp&quot; -o &quot;$(AS_PROJECT_PATH)\Binaries&quot; -c &quot;Config1&quot; -i &quot;C:\BrAutomation\AS46&quot; -S &quot;X20CP1584&quot; -A &quot;X20CP1584&quot; -pil -swFiles &quot;$(AS_PROJECT_PATH)\Physical\Config1\X20CP1584\Cpu.sw&quot; -Z &quot;Connectivity: n.d, UnitSystem: n.d, TextSystem: n.d, ProgrammingSystem: n.d, AAS: n.d&quot; -C &quot;/RT=1000 /AM=*&quot; -D &quot;/IF=COM1 /BD=57600 /PA=2 /IT=20 /RS=0&quot; -M IA32 -T SG4" />
  </Rule>
</RuleSetOptions>