<?xml version="1.0" encoding="utf-8"?>
<Toc Version="2" MINORVERSION="0">
	<Application>
		<Class Name="Os">
			<File Name="arsimproxy.dll" Size="159744" HashValue="EB7720D84D72854A6EC2A8FF342A953B" ProjectDependent="1"/>
			<File Name="InaFrms.dll" Size="98304" HashValue="BCBB8AB4B7168E2BB538CF86E5B742A3" ProjectDependent="1"/>
			<Folder Name="Brm">
				<File Name="@cfAR000.br" Size="4340" HashValue="0D3E5FED29014F458A1D1633B9298A8C" ProjectDependent="1"/>
				<File Name="@sbAR000.br" Size="2292" HashValue="B5B1E498490008D5C212422C88CA8FF1" ProjectDependent="1"/>
			</Folder>
			<Folder Name="System">
				<Folder Name="BASE">
					<Folder Name="COMPONENTS">
						<File Name="ArLcTextP.br" Size="537344" HashValue="E05F098D39012CDCD0A3DBA9B9047B54" ProjectDependent="1"/>
						<File Name="unitsys.br" Size="476256" HashValue="5FA2D7558ECEBE5F6379339027C94F61" ProjectDependent="1"/>
					</Folder>
					<Folder Name="HWD">
						<File Name="AsHwdhw_upl.xml.gz" Size="15992" HashValue="623447A612A6D06556D7C944B1132440" ProjectDependent="1"/>
						<File Name="AsHwdSimulation.xml.gz" Size="12023" HashValue="32224B3050D3120844EA63FFA13BDFEC" ProjectDependent="1"/>
					</Folder>
				</Folder>
				<Folder Name="SDM">
					<File Name="arsdm.tar.gz" Size="522872" HashValue="CE28BFB55FF91875D44FF35FAFF6AB43" ProjectDependent="1"/>
				</Folder>
				<Folder Name="TOC">
					<File Name="ftoc.xml" Size="821" HashValue="F83AEC703141D083AB19580424BF781A" ProjectDependent="1"/>
				</Folder>
				<Folder Name="WEBSERV">
					<File Name="webserv.br" Size="108864" HashValue="74663CEF814F48F09F3484FCB3126AE5" ProjectDependent="1"/>
				</Folder>
			</Folder>
		</Class>
	</Application>
</Toc>