<?xml version="1.0" encoding="utf-8"?>
<TOC>
	<ITEM ID="FILE" OS="1" NAME="AR000.exe" DIR="" SIZE="6444624" MODIFIED="2019-08-02 01:19:11" WRITECMD="3" CLASS="Os" HASH="" HASHVALUE="09B607982348BB3C6359CDC81D6FB493" PROJECTDEPENDENT="1" IGNOREDIFFERENCE="0" />
	<ITEM ID="FILE" OS="1" NAME="AR000Debug.exe" DIR="" SIZE="62544" MODIFIED="2019-08-02 01:19:11" WRITECMD="3" CLASS="Os" HASH="" HASHVALUE="676D1B855DBE00FC763595A7B343FE92" PROJECTDEPENDENT="1" IGNOREDIFFERENCE="0" />
	<ITEM ID="FILE" OS="1" NAME="InaFrm.dll" DIR="" SIZE="73728" MODIFIED="2019-08-02 01:19:11" WRITECMD="3" CLASS="Os" HASH="" HASHVALUE="3DEEAB31E0CF16086A7F6BFCB99C22BF" PROJECTDEPENDENT="1" IGNOREDIFFERENCE="0" />
	<ITEM ID="FILE" OS="1" NAME="Packet.dll" DIR="" SIZE="90112" MODIFIED="2019-08-02 01:19:11" WRITECMD="3" CLASS="Os" HASH="" HASHVALUE="8311123D9587273202671A5B8634C9F3" PROJECTDEPENDENT="1" IGNOREDIFFERENCE="0" />
	<ITEM ID="FILE" OS="1" NAME="PviLog.dll" DIR="" SIZE="106543" MODIFIED="2019-08-02 01:19:11" WRITECMD="3" CLASS="Os" HASH="" HASHVALUE="E5ED364ACA28CB656437ADA36FAC0F5B" PROJECTDEPENDENT="1" IGNOREDIFFERENCE="0" />
	<ITEM ID="FILE" OS="1" NAME="ar000loader.exe" DIR="" SIZE="3426384" MODIFIED="2019-08-02 01:19:11" WRITECMD="3" CLASS="Os" HASH="" HASHVALUE="7742E684C45DE73041B1D1F6316D0B0D" PROJECTDEPENDENT="1" IGNOREDIFFERENCE="0" />
	<ITEM ID="FILE" OS="1" NAME="ar000stop.exe" DIR="" SIZE="16976" MODIFIED="2019-08-02 01:19:11" WRITECMD="3" CLASS="Os" HASH="" HASHVALUE="765668E2BF3EF1B964777915233D45E0" PROJECTDEPENDENT="1" IGNOREDIFFERENCE="0" />
	<ITEM ID="FILE" OS="1" NAME="arUpd.bat" DIR="" SIZE="1124" MODIFIED="2019-08-02 01:19:11" WRITECMD="3" CLASS="Os" HASH="" HASHVALUE="0503FA0EA6E89C381DB4F0A593073062" PROJECTDEPENDENT="1" IGNOREDIFFERENCE="0" />
	<ITEM ID="FILE" OS="1" NAME="fscfg.xml" DIR="System/TOC" SIZE="5871" MODIFIED="2019-08-02 01:19:11" CLASS="Os" HASH="" HASHVALUE="D170C6DA32DCE485C188D306314D91FE" PROJECTDEPENDENT="1" IGNOREDIFFERENCE="0" />
	<ITEM ID="FILE" OS="1" NAME="wpcap.dll" DIR="" SIZE="274432" MODIFIED="2019-08-02 01:19:11" WRITECMD="3" CLASS="Os" HASH="" HASHVALUE="A356ACA4C981AADE2173331BCDB3587A" PROJECTDEPENDENT="1" IGNOREDIFFERENCE="0" />
</TOC>
