<?xml version="1.0" encoding="utf-8"?>
<Toc Version="2" MinorVersion="0">
	<Application>
		<Class Name="Os">
			<Folder Name="Brm" ProjectDependent="1" IgnoreDifference="0">
				<File Name="@cfAR000.br" Size="4340" HashValue="0D3E5FED29014F458A1D1633B9298A8C" ProjectDependent="1" IgnoreDifference="0" />
				<File Name="@sbAR000.br" Size="2292" HashValue="B5B1E498490008D5C212422C88CA8FF1" ProjectDependent="1" IgnoreDifference="0" />
			</Folder>
			<File Name="InaFrms.dll" Size="98304" HashValue="BCBB8AB4B7168E2BB538CF86E5B742A3" ProjectDependent="1" IgnoreDifference="0" />
			<Folder Name="System" ProjectDependent="1" IgnoreDifference="0">
				<Folder Name="BASE" ProjectDependent="1" IgnoreDifference="0">
					<Folder Name="COMPONENTS" ProjectDependent="1" IgnoreDifference="0">
						<File Name="ArLcTextP.br" Size="537344" HashValue="E05F098D39012CDCD0A3DBA9B9047B54" ProjectDependent="1" IgnoreDifference="0" />
						<File Name="unitsys.br" Size="476256" HashValue="5FA2D7558ECEBE5F6379339027C94F61" ProjectDependent="1" IgnoreDifference="0" />
					</Folder>
					<Folder Name="HWD" ProjectDependent="1" IgnoreDifference="0">
						<File Name="AsHwdSimulation.xml.gz" Size="12023" HashValue="32224B3050D3120844EA63FFA13BDFEC" ProjectDependent="1" IgnoreDifference="0" />
						<File Name="AsHwdhw_upl.xml.gz" Size="15992" HashValue="623447A612A6D06556D7C944B1132440" ProjectDependent="1" IgnoreDifference="0" />
					</Folder>
				</Folder>
				<Folder Name="SDM" ProjectDependent="1" IgnoreDifference="0">
					<File Name="arsdm.tar.gz" Size="522872" HashValue="CE28BFB55FF91875D44FF35FAFF6AB43" ProjectDependent="1" IgnoreDifference="0" />
				</Folder>
				<Folder Name="TOC" ProjectDependent="1" IgnoreDifference="0">
					<File Name="ftoc.xml" Size="821" HashValue="F83AEC703141D083AB19580424BF781A" ProjectDependent="1" IgnoreDifference="0" />
				</Folder>
				<Folder Name="WEBSERV" ProjectDependent="1" IgnoreDifference="0">
					<File Name="webserv.br" Size="108864" HashValue="74663CEF814F48F09F3484FCB3126AE5" ProjectDependent="1" IgnoreDifference="0" />
				</Folder>
			</Folder>
			<File Name="arsimproxy.dll" Size="159744" HashValue="EB7720D84D72854A6EC2A8FF342A953B" ProjectDependent="1" IgnoreDifference="0" />
		</Class>
		<Memory Name="SYSROM">
			<Module Name="::$$sysconf" Type="129" Size="67340" Modified="2021-11-11 10:38:11" Version="4.63" ProjectDependent="1" Reboot="1" />
			<Module Name="::TCData" Type="209" Size="3756784" Modified="2021-11-11 10:38:12" Version="1.00" ProjectDependent="1" />
			<Module Name="::arconfig" Type="132" Size="2964" Modified="2021-11-11 10:38:11" Version="1.00" ProjectDependent="1" Reboot="1" />
			<Module Name="::asfw" Type="67" Size="237860" Modified="2021-11-11 10:38:12" Version="1.00" ProjectDependent="1" Reboot="1" />
			<Module Name="::ashwd" Type="67" Size="1572" Modified="2021-11-11 10:38:12" Version="1.00" ProjectDependent="1" Reboot="1" />
		</Memory>
		<Memory Name="USERROM">
			<Module Name="::AsIecCon" Type="18" Size="17420" Modified="2019-08-02 00:22:11" Version="4.63" ProjectDependent="1" />
			<Module Name="::FWRules" Type="136" Size="456" Modified="2021-11-11 10:38:10" Version="1.00" ProjectDependent="1" />
			<Module Name="::Program" Type="17" Size="5508" Modified="2021-12-26 20:47:36" Version="1.00" ProjectDependent="1" />
			<Module Name="::Role" Type="136" Size="760" Modified="2021-11-11 10:38:10" Version="1.00" ProjectDependent="1" />
			<Module Name="::User" Type="136" Size="648" Modified="2021-11-11 10:38:10" Version="1.00" ProjectDependent="1" />
			<Module Name="::ashwac" Type="136" Size="212" Modified="2021-11-11 10:38:10" Version="1.00" ProjectDependent="1" />
			<Module Name="::astime" Type="18" Size="22996" Modified="2019-08-02 00:44:52" Version="4.63" ProjectDependent="1" />
			<Module Name="::iomap" Type="50" Size="6784" Modified="2021-11-11 10:38:11" Version="1.00" ProjectDependent="1" />
			<Module Name="::runtime" Type="18" Size="29340" Modified="2019-08-02 00:58:41" Version="4.63" ProjectDependent="1" />
			<Module Name="::standard" Type="18" Size="11576" Modified="2019-08-02 00:59:28" Version="4.63" ProjectDependent="1" />
			<Module Name="::udbdef" Type="210" Size="70264" Modified="2014-04-10 10:00:00" Version="0.01" ProjectDependent="1" />
		</Memory>
	</Application>
</Toc>
